[{"code":"","src":"https://http2.mlstatic.com/frontend-assets/mshops-web-widgets/v2.4.6/cookie-disclaimer.js","priority":10,"key":"widget-0"},{"code":"","src":"https://http2.mlstatic.com/frontend-assets/mshops-web-widgets/v2.4.6/menu-explorer.js","priority":10,"key":"widget-1"},{"code":"","src":"https://http2.mlstatic.com/frontend-assets/mshops-web-widgets/v2.4.6/search-explorer.js","priority":10,"key":"widget-2"},{"code":"","src":"https://http2.mlstatic.com/frontend-assets/mshops-web-widgets/v2.4.9/suscription-footer.js","priority":10,"key":"widget-3"},{"code":"(function() {\r\n    let link = document.querySelector(\"link[rel*='icon']\") || document.createElement('link');\r\n    link.type = 'image/x-icon';\r\n    link.rel = 'shortcut icon';\r\n    link.href = 'https://iili.io/H8Vc5zX.png';\r\n    document.getElementsByTagName('head')[0].appendChild(link);\r\n  })();\r\n  function faviconIn(){\r\n    let link = document.querySelector(\"link[rel*='icon']\") || document.createElement('link');\r\n    link.type = 'image/x-icon';link.rel = 'shortcut icon';\r\n    link.href = 'https://iili.io/H8Vc5zX.png';\r\n    document.getElementsByTagName('head')[0].appendChild(link)\r\n  };\r\n  \r\n  setTimeout(faviconIn,1000);\r\n\r\nlet subcategoriasMobile = document.getElementsByClassName('nav-default-list--vertical__item')\r\nlet arrowMobile = document.getElementsByClassName('arrow-mobile')\r\nlet categoriasMobileP = document.getElementsByClassName('categorias-mobile-p')\r\n\r\narrowMobile[0].addEventListener('click', (e) => {\r\n    e.target.classList.toggle('rotated')\r\n\r\n    categoriasMobileP[0].classList.toggle('subrayar')\r\n\r\n    subcategoriasMobile[3].classList.toggle('invisible')\r\n    subcategoriasMobile[4].classList.toggle('invisible')\r\n    subcategoriasMobile[5].classList.toggle('invisible')\r\n    subcategoriasMobile[6].classList.toggle('invisible')\r\n    subcategoriasMobile[7].classList.toggle('invisible')\r\n\r\n})\r\narrowMobile[1].addEventListener('click', (e) => {\r\n    e.target.classList.toggle('rotated')\r\n\r\n    categoriasMobileP[1].classList.toggle('subrayar')\r\n    \r\n    subcategoriasMobile[9].classList.toggle('invisible')\r\n    subcategoriasMobile[10].classList.toggle('invisible')\r\n    subcategoriasMobile[11].classList.toggle('invisible')\r\n    subcategoriasMobile[12].classList.toggle('invisible')\r\n})\r\narrowMobile[2].addEventListener('click', (e) => {\r\n    e.target.classList.toggle('rotated')\r\n\r\n    categoriasMobileP[2].classList.toggle('subrayar')\r\n\r\n    subcategoriasMobile[14].classList.toggle('invisible')\r\n    subcategoriasMobile[15].classList.toggle('invisible')\r\n    subcategoriasMobile[16].classList.toggle('invisible')\r\n    subcategoriasMobile[17].classList.toggle('invisible')\r\n    subcategoriasMobile[18].classList.toggle('invisible')\r\n})\r\n\r\nlet componentes = document.getElementsByClassName('component-wrapper')\r\nlet titulos = document.getElementsByClassName('categorias-destacadas')\r\nlet pagosSection = document.getElementsByClassName('pagos-icons-section')[0]\r\n\r\nsetTimeout(function() {\r\n    componentes[0].parentNode.insertBefore(titulos[0], componentes[0].nextSibling);\r\n    \r\n    componentes[0].parentNode.insertBefore(pagosSection, componentes[0].nextSibling);\r\n  \r\n    componentes[1].parentNode.insertBefore(titulos[1], componentes[1].nextSibling);\r\n\r\n  }, 500);\r\n\r\nconsole.log('anda')\r\n\r\nconst URLActual = window.location.pathname\r\n\r\nif(URLActual !== '/'){\r\n  titulos[0].classList.add('invisible')\r\n  titulos[1].classList.add('invisible')\r\n  pagosSection.classList.add('invisible')\r\n}\r\n","src":"","priority":10,"key":"widget-4"}]